,Author,Book,Genre,Year
0,Warwick Deeping,The Ten Commandments,fiction,1931
1,John Galsworthy,Maid in Waiting,fiction,1931
2,William McFee,The Harbourmaster,fiction,1932
3,Francis Brett Young,Mr. and Mrs. Pennington,fiction,1932
4,Robert Herrick,The End of Desire,fiction,1932
5,Booth Tarkington,Mary's Neck,fiction,1932
6,Louis Golding,Magnolia Street,fiction,1932
7,Julia Peterkin,Bright Skin,fiction,1932
8,Louis Bromfield,A Modern Hero,fiction,1932
9,Pearl S. Buck,The Good Earth,fiction,1932
10,Faith Baldwin,District Nurse,fiction,1932
11,Charles Langbridge Morgan,The Fountain,fiction,1932
12,J. B. Priestley,Faraway,fiction,1932
13,Mazo De La Roche,Lark Ascending,fiction,1932
14,Manuel Komroff,A New York Tempest,fiction,1932
15,Ellen Glasgow,The Sheltered Life,fiction,1932
16,Pearl S. Buck,Sons,fiction,1932
17,Rosamond Lehmann,Invitation to the Waltz,fiction,1932
18,John Galsworthy,Flowering Wilderness,fiction,1932
19,James Gould Cozzens,The Last Adam,fiction,1933
20,Sinclair Lewis,Ann Vickers,fiction,1933
21,Guy Endore,The Werewolf of Paris,fiction,1933
22,Thorne Smith,Rain in the Doorway,fiction,1933
23,Gladys Hasty Carroll,As the Earth Turns,fiction,1933
24,T. S. Stribling,The Store,fiction,1933
25,Hans Fallada,"Little Man, What Now?",fiction,1933
26,Hervey Allen,Anthony Adverse,fiction,1933
27,Dashiell Hammett,The Thin Man,fiction,1934
28,Sinclair Lewis,Work of Art,fiction,1934
29,Lion Feuchtwanger,The Oppermanns,fiction,1934
30,Isak Dinesen,Seven Gothic Tales,fiction,1934
31,F. Scott Fitzgerald,Tender is the Night,fiction,1934
32,Caroline Miller,Lamb in His Bosom,fiction,1934
33,Louis Golding,Five Silver Daughters,fiction,1934
34,Robert Graves,"I, Claudius",fiction,1934
35,Stark Young,So Red the Rose,fiction,1934
36,Hervey Allen,Lost Horizon,fiction,1934
37,Franz Werfel,The Forty Days of Musa Dagh,fiction,1934
38,Thornton Wilder,Heaven's My Destination,fiction,1935
39,Edna Ferber,Come and Get It,fiction,1935
40,Thomas Wolfe,Of Time and the River,fiction,1935
41,Lloyd C. Douglas,Green Light,fiction,1935
42,Josephine Johnson,Now in November,fiction,1935
43,Mazo De La Roche,Young Renny,fiction,1935
44,Humphrey Cobb,Paths of Glory,fiction,1935
45,Willa Cather,Lucy Gayheart,fiction,1935
46,Ellen Glasgow,Vein of Iron,fiction,1935
47,Robert Briffault,Europa,fiction,1935
48,Sinclair Lewis,It Can't Happen Here,fiction,1935
49,Josephine Lawrence,If I Have Four Apples,fiction,1936
50,George Santayana,The Last Puritan,fiction,1936
51,Charles Langbridge Morgan,Sparkenbroke,fiction,1936
52,Rosamond Lehmann,The Weather in the Streets,fiction,1936
53,Mary Roberts Rinehart,The Doctor,fiction,1936
54,Vincent Sheean,Sanfelice,fiction,1936
55,Margaret Mitchell,Gone with the Wind,fiction,1936
56,Walter D. Edmonds,Drums Along the Mohawk,fiction,1937
57,Somerset Maugham,Theatre,fiction,1937
58,Virginia Woolf,The Years,fiction,1937
59,Millen Brand,The Outward Room,fiction,1937
60,Kenneth Roberts,Northwest Passage,fiction,1937
61,A. J. Cronin,The Citadel,fiction,1937
62,Sinclair Lewis,The Prodigal Parents,fiction,1938
63,Hervey Allen,Action at Aquila,fiction,1938
64,Marjorie Kinnan Rawlings,The Yearling,fiction,1938
65,Howard Spring,"My Son, My Son!",fiction,1938
66,Daphne du Maurier,Rebecca,fiction,1938
67,Rachel Field,All This and Heaven Too,fiction,1938
68,John P. Marquand,Wickford Point,fiction,1939
69,John Steinbeck,The Grapes of Wrath,fiction,1939
70,Ethel Vance,Escape,fiction,1939
71,Christopher Morley,Kitty Foyle,fiction,1939
72,Sholem Asch,The Nazarene,fiction,1939
73,Lin Yutang,Moment in Peking,fiction,1939
74,Richard Llewellyn,How Green Was My Valley,fiction,1940
75,Richard Wright,Native Son,fiction,1940
76,F. Van Wyck Mason,Stars on the Sea,fiction,1940
77,Jan Struther,Mrs. Miniver,fiction,1940
78,Thomas Mann,The Beloved Returns,fiction,1940
79,Thomas Wolfe,You Can't Go Home Again,fiction,1940
80,Ernest Hemingway,For Whom the Bell Tolls,fiction,1940
81,Kenneth Roberts,Oliver Wiswell,fiction,1940
82,James Hilton,Random Harvest,fiction,1941
83,Eric Knight,This Above All,fiction,1941
84,A.J. Cronin,The Keys of the Kingdom,fiction,1941
85,Edna Ferber,Saratoga Trunk,fiction,1941
86,Mary Ellen Chase,Windswept,fiction,1941
87,Pearl S. Buck,Dragon Seed,fiction,1942
88,Daphne du Maurier,Frenchman's Creek,fiction,1942
89,John Steinbeck,The Moon Is Down,fiction,1942
90,Rachel Field,And Now Tomorrow,fiction,1942
91,Franz Werfel,The Song of Bernadette,fiction,1942
92,Elizabeth Chevalier,Drivin' Woman,fiction,1942
93,Lloyd Douglas,The Robe,fiction,1942
94,Louis Bromfield,Mrs. Parkington,fiction,1943
95,John P. Marquand,So Little Time,fiction,1943
96,Betty Smith,A Tree Grows in Brooklyn,fiction,1944
97,Lillian Smith,Strange Fruit,fiction,1944
98,Somerset Maugham,The Razor's Edge,fiction,1944
99,Elizabeth Goudge,Green Dolphin Street,fiction,1944
100,Kathleen Winsor,Forever Amber,fiction,1944
101,A. J. Cronin,The Green Years,fiction,1944
102,Gwethalyn Graham,Earth and High Heaven,fiction,1945
103,Samuel Shellabarger,Captain from Castile,fiction,1945
104,Adria Locke Langley,A Lion is in the Streets,fiction,1945
105,James Hilton,So Well Remembered,fiction,1945
106,Thomas B. Costain,The Black Rose,fiction,1945
107,John P. Marquand,B.F.'s Daughter,fiction,1947
108,Kenneth Roberts,Lydia Bailey,fiction,1947
109,Laura Z. Hobson,Gentlemen's Agreement,fiction,1947
110,Sinclair Lewis,Kingsblood Royal,fiction,1947
111,Thomas Costain,The Moneyman,fiction,1947
112,Ben Ames Williams,House Divided,fiction,1947
113,Marcia Davenport,"East Side, West Side",fiction,1948
114,Van Wyck Mason,Eagle in the Sky,fiction,1948
115,Thornton Wilder,The Ides of March,fiction,1948
116,Ross Lockridge,Raintree County,fiction,1948
117,unknown; not clear from source,unknown; not clear from source,fiction,1948
118,Elizabeth Goudge,Pilgrim's Inn,fiction,1948
119,Norman Mailer,The Naked and the Dead,fiction,1948
120,A. J. Cronin,Shannon's Way,fiction,1948
121,Irwin Shaw,The Young Lions,fiction,1948
122,Lloyd C. Douglas,The Big Fisherman,fiction,1948
123,John P. Marquand,Point of No Return,fiction,1949
124,John O'Hara,A Rage To Live,fiction,1949
125,Mika Waltari,The Egyptian,fiction,1949
126,Daphne du Maurier,The Parasites,fiction,1950
127,John Hersey,The Wall,fiction,1950
128,Henry Morton Robinson,The Cardinal,fiction,1950
129,Ernest Hemingway,Across the River and into the Trees,fiction,1950
130,Budd Schulberg,The Disenchanted,fiction,1950
131,Frances Parkinson Keyes,Joy Street,fiction,1951
132,James Jones,From Here to Eternity,fiction,1951
133,Herman Wouk,The Caine Mutiny,fiction,1951
134,Daphne du Maurier,My Cousin Rachel,fiction,1952
135,Thomas B. Costain,The Silver Chalice,fiction,1952
136,John Steinbeck,East of Eden,fiction,1952
137,Annemarie Selinko,Désirée,fiction,1953
138,A.J. Cronin,Beyond This Place,fiction,1953
139,Samuel Shellabarger,Lord Vanity,fiction,1953
140,Morton Thompson,Not as a Stranger,fiction,1954
141,Daphne du Maurier,Mary Anne,fiction,1954
142,Irving Stone,Love is Eternal,fiction,1954
143,Hamilton Basso,The View from Pompey's Head,fiction,1955
144,John P. Marquand,"Sincerely, Willis Wayde",fiction,1955
145,Françoise Sagan,Bonjour Tristesse,fiction,1955
146,Robert Ruark,Something of Value,fiction,1955
147,Patrick Dennis,Auntie Mame,fiction,1955
148,Herman Wouk,Marjorie Morningstar,fiction,1955
149,MacKinlay Kantor,Andersonville,fiction,1956
150,Edwin O'Connor,The Last Hurrah,fiction,1956
151,William Brinkley,Don't Go Near the Water,fiction,1956
152,Grace Metalious,Peyton Place,fiction,1956
153,Daphne du Maurier,The Scapegoat,fiction,1957
154,James Gould Cozzens,By Love Possessed,fiction,1957
155,Robert Traver,Anatomy of a Murder,fiction,1958
156,Vladimir Nabokov,Lolita,fiction,1958
157,Boris Pasternak,Doctor Zhivago,fiction,1958
158,Leon Uris,Exodus,fiction,1959
159,Allen Drury,Advise and Consent,fiction,1959
160,James Michener,Hawaii,fiction,1960
161,André Schwarz-Bart,The Last of the Just,fiction,1961
162,Irving Stone,The Agony and the Ecstasy,fiction,1961
163,J.D. Salinger,Franny and Zooey,fiction,1961
164,Katherine Anne Porter,Ship of Fools,fiction,1962
165,Allen Drury,A Shade of Difference,fiction,1962
166,Fletcher Knebel,Seven Days in May,fiction,1962
167,Not published due to the Newspaper Strike,Not published due to the Newspaper Strike,fiction,1962
168,J. D. Salinger,"Raise High the Roof Beam, Carpenters",fiction,1963
169,Daphne du Maurier,The Glass-Blowers,fiction,1963
170,Morris West,The Shoes of the Fisherman,fiction,1963
171,Mary McCarthy,The Group,fiction,1963
172,John le Carré,The Spy Who Came in from the Cold,fiction,1964
173,Louis Auchincloss,The Rector of Justin,fiction,1964
174,Saul Bellow,Herzog,fiction,1964
175,Bel Kaufman,Up the Down Staircase,fiction,1965
176,James Michener,The Source,fiction,1965
177,Not published due to newspaper strike,Not published due to newspaper strike,fiction,1965
178,Jacqueline Susann,Valley of the Dolls,fiction,1966
179,Robert Crichton,The Secret of Santa Vittoria,fiction,1966
180,Elia Kazan,The Arrangement,fiction,1967
181,Thornton Wilder,The Eighth Day,fiction,1967
182,Chaim Potok,The Chosen,fiction,1967
183,Leon Uris,Topaz,fiction,1967
184,Mary Stewart,The Gabriel Hounds,fiction,1967
185,William Styron,The Confessions of Nat Turner,fiction,1967
186,Fletcher Knebel,Vanished,fiction,1968
187,Arthur Hailey,Airport,fiction,1968
188,John Updike,Couples,fiction,1968
189,Helen MacInnes,The Salzburg Connection,fiction,1968
190,Philip Roth,Portnoy's Complaint,fiction,1969
191,Jacqueline Susann,The Love Machine,fiction,1969
192,Mario Puzo,The Godfather,fiction,1969
193,John Fowles,The French Lieutenant's Woman,fiction,1970
194,Erich Segal,Love Story,fiction,1970
195,Leon Uris,QB VII,fiction,1971
196,Irving Stone,The Passions of the Mind,fiction,1971
197,William Peter Blatty,The Exorcist,fiction,1971
198,Frederick Forsyth,The Day of the Jackal,fiction,1971
199,Arthur Hailey,Wheels,fiction,1971
200,Herman Wouk,The Winds of War,fiction,1972
201,Irving Wallace,The Word,fiction,1972
202,Richard Bach,Jonathan Livingston Seagull,fiction,1972
203,Frederick Forsyth,The Odessa File,fiction,1973
204,Jacqueline Susann,Once Is Not Enough,fiction,1973
205,Kurt Vonnegut,Breakfast of Champions,fiction,1973
206,Mary Stewart,The Hollow Hills,fiction,1973
207,Graham Greene,The Honorary Consul,fiction,1973
208,Gore Vidal,Burr,fiction,1973
209,Richard Adams,Watership Down,fiction,1974
210,John le Carré,Tinker Tailor Soldier Spy,fiction,1974
211,James Michener,Centennial,fiction,1974
212,Joseph Heller,Something Happened,fiction,1975
213,Arthur Hailey,The Moneychangers,fiction,1975
214,Judith Rossner,Looking for Mr. Goodbar,fiction,1975
215,E. L. Doctorow,Ragtime,fiction,1975
216,Agatha Christie,Curtain,fiction,1975
217,Gore Vidal,1876,fiction,1976
218,Leon Uris,Trinity,fiction,1976
219,Agatha Christie,Sleeping Murder,fiction,1976
220,Erich Segal,Oliver's Story,fiction,1977
221,John Cheever,Falconer,fiction,1977
222,Colleen McCullough,The Thorn Birds,fiction,1977
223,J. R. R. Tolkien,The Silmarillion,fiction,1977
224,Sidney Sheldon,Bloodline,fiction,1978
225,Judith Krantz,Scruples,fiction,1978
226,Robert Ludlum,The Holcroft Covenant,fiction,1978
227,James Michener,Chesapeake,fiction,1978
228,Not published due to Newspaper Strike,Not published due to Newspaper Strike,fiction,1978
229,Herman Wouk,War and Remembrance,fiction,1978
230,Arthur Hailey,Overload,fiction,1979
231,Robert Ludlum,The Matarese Circle,fiction,1979
232,Joseph Heller,Good as Gold,fiction,1979
233,William Styron,Sophie's Choice,fiction,1979
234,Mary Stewart,The Last Enchantment,fiction,1979
235,Kurt Vonnegut,Jailbird,fiction,1979
236,Stephen King,The Dead Zone,fiction,1979
237,Howard Fast,The Establishment,fiction,1979
238,Ken Follett,Triple,fiction,1979
239,John le Carré,Smiley's People,fiction,1980
240,Judith Krantz,Princess Daisy,fiction,1980
241,Robert Ludlum,The Bourne Identity,fiction,1980
242,Sidney Sheldon,Rage of Angels,fiction,1980
243,Stephen King,Firestarter,fiction,1980
244,Ken Follett,The Key to Rebecca,fiction,1980
245,James Michener,The Covenant,fiction,1980
246,Martin Cruz Smith,Gorky Park,fiction,1981
247,James Clavell,Noble House,fiction,1981
248,Stephen King,Cujo,fiction,1981
249,John Irving,The Hotel New Hampshire,fiction,1981
250,Colleen McCullough,An Indecent Obsession,fiction,1981
251,John Jakes,North and South,fiction,1982
252,Robert Ludlum,The Parsifal Mosaic,fiction,1982
253,Ken Follett,The Man from St. Petersburg,fiction,1982
254,Jeffrey Archer,The Prodigal Daughter,fiction,1982
255,Stephen King,Different Seasons,fiction,1982
256,Sidney Sheldon,Master of the Game,fiction,1982
257,James Michener,Space,fiction,1982
258,Judith Krantz,Mistral's Daughter,fiction,1983
259,John le Carré,The Little Drummer Girl,fiction,1983
260,Joan D. Vinge,Star Wars: Return of the Jedi:The Storybook Based on the Movie,fiction,1983
261,Umberto Eco,The Name of the Rose,fiction,1983
262,James Michener,Poland,fiction,1983
263,Stephen King,Pet Sematary,fiction,1983
264,Thomas Chastain,Who Killed the Robins Family?,fiction,1984
265,Robert Ludlum,The Aquitaine Progression,fiction,1984
266,Danielle Steel,Full Circle,fiction,1984
267,Helen Hooven Santmyer,"""...And Ladies of the Club""",fiction,1984
268,Jeffrey Archer,First Among Equals,fiction,1984
269,Frederick Forsyth,The Fourth Protocol,fiction,1984
270,Stephen King and Peter Straub,The Talisman,fiction,1984
271,Mario Puzo,The Sicilian,fiction,1985
272,Sidney Sheldon,If Tomorrow Comes,fiction,1985
273,Danielle Steel,Family Album,fiction,1985
274,Richard Bachman (pseudonym for Stephen King),Thinner,fiction,1985
275,Louis L'Amour,Jubal Sackett,fiction,1985
276,Barbara Taylor Bradford,Hold the Dream,fiction,1985
277,John Irving,The Cider House Rules,fiction,1985
278,Stephen King,Skeleton Crew,fiction,1985
279,Jackie Collins,Lucky,fiction,1985
280,Garrison Keillor,Lake Wobegon Days,fiction,1985
281,James Michener,Texas,fiction,1985
282,Jean M. Auel,The Mammoth Hunters,fiction,1985
283,Ken Follett,Lie Down with Lions,fiction,1986
284,Robert Ludlum,The Bourne Supremacy,fiction,1986
285,John le Carré,A Perfect Spy,fiction,1986
286,Judith Krantz,I'll Take Manhattan,fiction,1986
287,Louis L'Amour,Last of the Breed,fiction,1986
288,Danielle Steel,Wanderlust,fiction,1986
289,Tom Clancy,Red Storm Rising,fiction,1986
290,Stephen King,It,fiction,1986
291,James Clavell,Whirlwind,fiction,1986
292,Stephen King,The Eyes of the Dragon,fiction,1987
293,Sidney Sheldon,Windmills of the Gods,fiction,1987
294,Danielle Steel,Fine Things,fiction,1987
295,Louis L'Amour,The Haunted Mesa,fiction,1987
296,Stephen King,Misery,fiction,1987
297,Scott Turow,Presumed Innocent,fiction,1987
298,Tom Clancy,Patriot Games,fiction,1987
299,Danielle Steel,Kaleidoscope,fiction,1987
300,Stephen King,The Tommyknockers,fiction,1987
301,Tom Wolfe,The Bonfire of the Vanities,fiction,1988
302,Robert Ludlum,The Icarus Agenda,fiction,1988
303,Danielle Steel,Zoya,fiction,1988
304,James Michener,Alaska,fiction,1988
305,Tom Clancy,The Cardinal of the Kremlin,fiction,1988
306,Anne Rice,The Queen of the Damned,fiction,1988
307,Sidney Sheldon,The Sands of Time,fiction,1988
308,Dean Koontz,Midnight,fiction,1989
309,Danielle Steel,Star,fiction,1989
310,Salman Rushdie,The Satanic Verses,fiction,1989
311,Mary Higgins Clark,While My Pretty One Sleeps,fiction,1989
312,John le Carré,The Russia House,fiction,1989
313,Martin Cruz Smith,Polar Star,fiction,1989
314,Tom Clancy,Clear and Present Danger,fiction,1989
315,Stephen King,The Dark Half,fiction,1989
316,Danielle Steel,Daddy,fiction,1989
317,Dean Koontz,The Bad Place,fiction,1990
318,P. D. James,Devices and Desires,fiction,1990
319,Dr. Seuss,"Oh, the Places You'll Go!",fiction,1990
320,Robert Ludlum,The Bourne Ultimatum,fiction,1990
321,Rosamunde Pilcher,September,fiction,1990
322,Stephen King,The Stand,fiction,1990
323,Scott Turow,The Burden of Proof,fiction,1990
324,Sidney Sheldon,Memories of Midnight,fiction,1990
325,Stephen King,Four Past Midnight,fiction,1990
326,Jean M. Auel,The Plains of Passage,fiction,1990
327,John le Carré,The Secret Pilgrim,fiction,1991
328,Dean Koontz,Cold Fire,fiction,1991
329,Danielle Steel,Heartbeat,fiction,1991
330,David Eddings,The Seeress of Kell,fiction,1991
331,Mary Higgins Clark,"Loves Music, Loves to Dance",fiction,1991
332,Timothy Zahn,Heir to the Empire,fiction,1991
333,Amy Tan,The Kitchen God's Wife,fiction,1991
334,Tom Clancy,The Sum of All Fears,fiction,1991
335,Alexandra Ripley,Scarlett,fiction,1991
336,Dean Koontz,Hideaway,fiction,1992
337,Michael Crichton,Rising Sun,fiction,1992
338,John Grisham,The Pelican Brief,fiction,1992
339,Danielle Steel,Jewels,fiction,1992
340,Stephen King,Gerald's Game,fiction,1992
341,Jimmy Buffett,Where Is Joe Merchant?,fiction,1992
342,Sidney Sheldon,The Stars Shine Down,fiction,1992
343,Anne Rice,The Tale of the Body Thief,fiction,1992
344,Danielle Steel,Mixed Blessings,fiction,1992
345,Stephen King,Dolores Claiborne,fiction,1992
346,Dean Koontz,Dragon Tears,fiction,1993
347,Robert James Waller,The Bridges of Madison County,fiction,1993
348,John Grisham,The Client,fiction,1993
349,Tom Clancy,Without Remorse,fiction,1993
350,Robert James Waller,Slow Waltz in Cedar Bend,fiction,1993
351,Michael Crichton,Disclosure,fiction,1994
352,Danielle Steel,Accident,fiction,1994
353,James Redfield,The Celestine Prophecy,fiction,1994
354,Mary Higgins Clark,Remember Me,fiction,1994
355,John Grisham,The Chamber,fiction,1994
356,Danielle Steel,The Gift,fiction,1994
357,Tom Clancy,Debt of Honor,fiction,1994
358,Anne Rice,Taltos,fiction,1994
359,Stephen King,Insomnia,fiction,1994
360,James Finn Garner,Politically Correct Bedtime Stories,fiction,1994
361,John Grisham,The Rainmaker,fiction,1995
362,Pat Conroy,Beach Music,fiction,1995
363,Anne Rice,Memnoch the Devil,fiction,1995
364,Patricia Cornwell,From Potter's Field,fiction,1995
365,Sue Grafton,"""L"" Is for Lawless",fiction,1995
366,Nicholas Evans,The Horse Whisperer,fiction,1995
367,Michael Crichton,The Lost World,fiction,1995
368,Danielle Steel,Five Days in Paris,fiction,1995
369,Richard Paul Evans,The Christmas Box,fiction,1995
370,Dean Koontz,Intensity,fiction,1996
371,Anonymous Later revealed to be Joe Klein,Primary Colors,fiction,1996
372,Mary Higgins Clark,Moonlight Becomes You,fiction,1996
373,Terry McMillan,How Stella Got Her Groove Back,fiction,1996
374,John Grisham,The Runaway Jury,fiction,1996
375,Patricia Cornwell,Cause of Death,fiction,1996
376,Anne Rice,Servant of the Bones,fiction,1996
377,Tom Clancy,Executive Orders,fiction,1996
378,Jacquelyn Mitchard,The Deep End of the Ocean,fiction,1996
379,Stephen King,Desperation,fiction,1996
380,Danielle Steel,Silent Honor,fiction,1996
381,Michael Crichton,Airframe,fiction,1996
382,Patricia Cornwell,Hornet's Nest,fiction,1997
383,Dean Koontz,Sole Survivor,fiction,1997
384,John Grisham,The Partner,fiction,1997
385,Mary Higgins Clark,Pretend You Don't See Her,fiction,1997
386,Nelson DeMille,Plum Island,fiction,1997
387,Danielle Steel,Special Delivery,fiction,1997
388,Patricia Cornwell,Unnatural Exposure,fiction,1997
389,Charles Frazier,Cold Mountain,fiction,1997
390,Clive Cussler,Flood Tide,fiction,1997
391,Danielle Steel,The Ghost,fiction,1997
392,Toni Morrison,Paradise,fiction,1998
393,John Grisham,The Street Lawyer,fiction,1998
394,Danielle Steel,The Long Road Home,fiction,1998
395,Mary Higgins Clark,You Belong to Me,fiction,1998
396,Sue Grafton,"""N"" Is for Noose",fiction,1998
397,John Irving,A Widow for One Year,fiction,1998
398,Wally Lamb,I Know This Much Is True,fiction,1998
399,Danielle Steel,The Klone and I,fiction,1998
400,Wally Lamb,I Know This Much is True,fiction,1998
401,Patricia Cornwell,Point of Origin,fiction,1998
402,Tom Clancy,Rainbow Six,fiction,1998
403,Stephen King,Bag of Bones,fiction,1998
404,Robert Jordan,The Path of Daggers,fiction,1998
405,Tom Wolfe,A Man in Full,fiction,1998
406,Patricia Cornwell,Southern Cross,fiction,1999
407,John Grisham,The Testament,fiction,1999
408,Danielle Steel,Bittersweet,fiction,1999
409,Stephen King,The Girl Who Loved Tom Gordon,fiction,1999
410,Mary Higgins Clark,We'll Meet Again,fiction,1999
411,Terry Brooks,Star Wars Episode I: The Phantom Menace,fiction,1999
412,J. K. Rowling,Harry Potter and the Chamber of Secrets,fiction,1999
413,Thomas Harris,Hannibal,fiction,1999
414,J. K. Rowling,Harry Potter and the Philosopher's Stone,fiction,1999
415,Patricia Cornwell,Black Notice,fiction,1999
416,Sandra Brown,The Alibi,fiction,1999
417,J. K. Rowling,Harry Potter and the Prisoner of Azkaban,fiction,1999
418,John Grisham,The Brethren,fiction,2000
419,Danielle Steel,The Wedding,fiction,2000
420,Mary Higgins Clark,Before I Say Good-Bye,fiction,2000
421,John Sandford,Easy Prey,fiction,2000
422,Tim LaHaye and Jerry B. Jenkins,The Indwelling,fiction,2000
423,Janet Evanovich,Hot Six,fiction,2000
424,Danielle Steel,The House on Hope Street,fiction,2000
425,Rosamunde Pilcher,Winter Solstice,fiction,2000
426,Tom Clancy,The Bear and the Dragon,fiction,2000
427,Nicholas Sparks,The Rescue,fiction,2000
428,Christina Schwarz,Drowning Ruth,fiction,2000
429,Patricia Cornwell,The Last Precinct,fiction,2000
430,Robert Jordan,Winter's Heart,fiction,2000
431,Tim LaHaye and Jerry B. Jenkins,The Mark,fiction,2000
432,Dean Koontz,From the Corner of His Eye,fiction,2001
433,Terry McMillan,A Day Late and a Dollar Short,fiction,2001
434,John Grisham,A Painted House,fiction,2001
435,James Patterson,1st to Die,fiction,2001
436,Stephen King,Dreamcatcher,fiction,2001
437,Jan Karon,A Common Life,fiction,2001
438,Mary Higgins Clark,On the Street Where You Live,fiction,2001
439,John Sandford,Chosen Prey,fiction,2001
440,Sue Grafton,"""P"" Is for Peril",fiction,2001
441,Janet Evanovich,Seven Up,fiction,2001
442,Danielle Steel,Leap of Faith,fiction,2001
443,John Irving,The Fourth Hand,fiction,2001
444,James Patterson,Suzanne's Diary for Nicholas,fiction,2001
445,Clive Cussler,Valhalla Rising,fiction,2001
446,Stephen King and Peter Straub,Black House,fiction,2001
447,Jonathan Franzen,The Corrections,fiction,2001
448,Patricia Cornwell,Isle of Dog,fiction,2001
449,Nora Roberts,Midnight Bayou,fiction,2001
450,Danielle Steel,The Kiss,fiction,2001
451,Tim LaHaye and Jerry B. Jenkins,Desecration,fiction,2001
452,John Grisham,Skipping Christmas,fiction,2001
453,Dean Koontz,One Door Away from Heaven,fiction,2002
454,Mattie Stepanek,Journey Through Heartsongs,fiction,2002
455,Joyce Reardon,The Diary of Ellen Rimbauer,fiction,2002
456,John Grisham,The Summons,fiction,2002
457,James Patterson and Andrew Gross,2nd Chance,fiction,2002
458,Stephen King,Everything's Eventual,fiction,2002
459,Nora Roberts,Three Fates,fiction,2002
460,Emma McLaughlin and Nicola Kraus,The Nanny Diaries,fiction,2002
461,Mary Higgins Clark,Daddy's Little Girl,fiction,2002
462,Jean M. Auel,The Shelters of Stone,fiction,2002
463,Jan Karon,In This Mountain,fiction,2002
464,James Patterson and Peter de Jonge,The Beach House,fiction,2002
465,Janet Evanovich,Hard Eight,fiction,2002
466,Tim LaHaye and Jerry B. Jenkins,The Remnant,fiction,2002
467,Alice Sebold,The Lovely Bones,fiction,2002
468,Tom Clancy,Red Rabbit,fiction,2002
469,Nicholas Sparks,Nights in Rodanthe,fiction,2002
470,Stephen King,From a Buick 8,fiction,2002
471,Sue Grafton,"""Q"" Is for Quarry",fiction,2002
472,Danielle Steel,Answered Prayers,fiction,2002
473,Nora Roberts,Chesapeake Blue,fiction,2002
474,James Patterson,Four Blind Mice,fiction,2002
475,Michael Crichton,Prey,fiction,2002
476,Robert Jordan,Crossroads of Twilight,fiction,2003
477,John Grisham,The King of Torts,fiction,2003
478,James Patterson and Andrew Gross,The Jester,fiction,2003
479,Dan Brown,The Da Vinci Code,fiction,2003
480,Nora Roberts,Birthright,fiction,2003
481,Tim LaHaye and Jerry B. Jenkins,Armageddon,fiction,2003
482,John Sandford,Naked Prey,fiction,2003
483,James Patterson,The Lake House,fiction,2003
484,Danielle Steel,Johnny Angel,fiction,2003
485,Janet Evanovich,To the Nines,fiction,2003
486,Tom Clancy,The Teeth of the Tiger,fiction,2003
487,John Grisham,Bleachers,fiction,2003
488,Mitch Albom,The Five People You Meet in Heaven,fiction,2003
489,Patricia Cornwell,Blow Fly,fiction,2003
490,John Grisham,The Last Juror,fiction,2004
491,James Patterson and Andrew Gross,3rd Degree,fiction,2004
492,Tim LaHaye and Jerry B. Jenkins,Glorious Appearing,fiction,2004
493,Stephen King,Song of Susannah,fiction,2004
494,Janet Evanovich,Ten Big Ones,fiction,2004
495,James Patterson,Sam's Letters to Jennifer,fiction,2004
496,Sue Grafton,"""R"" Is for Ricochet",fiction,2004
497,Patricia Cornwell,Trace,fiction,2004
498,Stephen King,The Dark Tower,fiction,2004
499,Nora Roberts,Northern Lights,fiction,2004
500,David Baldacci,Hour Game,fiction,2004
501,Janet Evanovich,Metro Girl,fiction,2004
502,James Patterson,London Bridges,fiction,2004
503,Nelson DeMille,Night Fall,fiction,2004
504,John Grisham,The Broker,fiction,2005
505,James Patterson and Howard Roughan,Honeymoon,fiction,2005
506,Tim LaHaye and Jerry B. Jenkins,The Rising,fiction,2005
507,Mary Higgins Clark,No Place Like Home,fiction,2005
508,Nicholas Sparks,True Believer,fiction,2005
509,James Patterson and Maxine Paetro,4th of July,fiction,2005
510,Michael Connelly,The Closers,fiction,2005
511,Sue Monk Kidd,The Mermaid Chair,fiction,2005
512,Elizabeth Kostova,The Historian,fiction,2005
513,Janet Evanovich,Eleven on Top,fiction,2005
514,James Patterson and Andrew Gross,Lifeguard,fiction,2005
515,Sandra Brown,Chill Factor,fiction,2005
516,Catherine Coulter,Point Blank,fiction,2005
517,Clive Cussler and Paul Kemprecos,Polar Shift,fiction,2005
518,Neil Gaiman,Anansi Boys,fiction,2005
519,Diana Gabaldon,A Breath of Snow and Ashes,fiction,2005
520,Michael Connelly,The Lincoln Lawyer,fiction,2005
521,Robert Jordan,Knife of Dreams,fiction,2005
522,Nicholas Sparks,At First Sight,fiction,2005
523,Patricia Cornwell,Predator,fiction,2005
524,George R. R. Martin,A Feast for Crows,fiction,2005
525,James Patterson,"Mary, Mary",fiction,2005
526,Sue Grafton,"""S"" Is for Silence",fiction,2005
527,W. E. B. Griffin,The Hostage,fiction,2006
528,Stephen King,Cell,fiction,2006
529,James Patterson and Maxine Paetro,The 5th Horseman,fiction,2006
530,Danielle Steel,The House,fiction,2006
531,Jonathan Kellerman,Gone,fiction,2006
532,Mary Higgins Clark,Two Little Girls in Blue,fiction,2006
533,James Patterson and Peter de Jonge,Beach Road,fiction,2006
534,Patricia Cornwell,At Risk,fiction,2006
535,Dean Koontz,The Husband,fiction,2006
536,Janet Evanovich,Twelve Sharp,fiction,2006
537,Nora Roberts,Angels Fall,fiction,2006
538,Terry Goodkind,Phantom,fiction,2006
539,James Patterson and Andrew Gross,Judge and Jury,fiction,2006
540,Anna Quindlen,Rise and Shine,fiction,2006
541,Brad Meltzer,The Book of Fate,fiction,2006
542,Diane Setterfield,The Thirteenth Tale,fiction,2006
543,Mitch Albom,For One More Day,fiction,2006
544,Stephen King,Lisey's Story,fiction,2006
545,Nicholas Sparks,Dear John,fiction,2006
546,James Patterson,Cross,fiction,2006
547,Janet Evanovich,Plum Lovin',fiction,2007
548,James Patterson,Step on a Crack,fiction,2007
549,J.D. Robb,Innocent in Death,fiction,2007
550,Sophie Kinsella,Shopaholic and Baby,fiction,2007
551,Jodi Picoult,Nineteen Minutes,fiction,2007
552,Mary Higgins Clark,I Heard That Song Before,fiction,2007
553,J. R. R. Tolkien,The Children of Húrin,fiction,2007
554,David Baldacci,Simple Genius,fiction,2007
555,James Patterson and Maxine Paetro,The 6th Target,fiction,2007
556,Khaled Hosseini,A Thousand Splendid Suns,fiction,2007
557,Janet Evanovich,Lean Mean Thirteen,fiction,2007
558,James Patterson and Michael Ledwidge,The Quickie,fiction,2007
559,James Patterson and Howard Roughan,You've Been Warned,fiction,2007
560,John Grisham,Playing for Pizza,fiction,2007
561,Ken Follett,World Without End,fiction,2007
562,Patricia Cornwell,Book of the Dead,fiction,2007
563,Vince Flynn,Protect and Defended,fiction,2007
564,David Baldacci,Stone Cold,fiction,2007
565,James Patterson,Double Cross,fiction,2007
566,Sue Grafton,"""T"" Is for Trespass",fiction,2007
567,Janet Evanovich,Plum Lucky,fiction,2008
568,Stephen King,Duma Key,fiction,2008
569,John Grisham,The Appeal,fiction,2008
570,Jodi Picoult,Change of Heart,fiction,2008
571,Jonathan Kellerman,Compulsion,fiction,2008
572,Jhumpa Lahiri,Unaccustomed Earth,fiction,2008
573,Mary Higgins Clark,Where Are You Now?,fiction,2008
574,Harlan Coben,Hold Tight,fiction,2008
575,David Baldacci,The Whole Truth,fiction,2008
576,James Patterson and Gabrielle Charbonnet,Sundays at Tiffany's,fiction,2008
577,Stephenie Meyer,The Host,fiction,2008
578,Dean Koontz,Odd Hours,fiction,2008
579,Laurell K. Hamilton,Blood Noir,fiction,2008
580,Lee Child,Nothing to lose,fiction,2008
581,James Patterson and Howard Roughan,Sail,fiction,2008
582,Janet Evanovich,Fearless Fourteen,fiction,2008
583,Brad Thor,The Last Patriot,fiction,2008
584,Nora Roberts,Tribute,fiction,2008
585,Daniel Silva,Moscow Rules,fiction,2008
586,Sherrilyn Kenyon,Acheron,fiction,2008
587,Sandra Brown,Smoke Screen,fiction,2008
588,Sean Williams,The Force Unleashed,fiction,2008
589,Kathy Reichs,Devil Bones,fiction,2008
590,Christine Feehan,Dark Curse,fiction,2008
591,Neal Stephenson,Anathem,fiction,2008
592,David Wroblewski,The Story of Edgar Sawtelle,fiction,2008
593,Nicholas Sparks,The Lucky One,fiction,2008
594,Michael Connelly,The Brass Verdict,fiction,2008
595,Vince Flynn,Extreme Measures,fiction,2008
596,Nelson DeMille,The Gate House,fiction,2008
597,David Baldacci,Divine Justice,fiction,2008
598,Glenn Beck,The Christmas Sweater,fiction,2008
599,James Patterson,Cross Country,fiction,2008
600,Patricia Cornwell,Scarpetta,fiction,2008
601,W. E. B. Griffin,Black Ops,fiction,2009
602,Janet Evanovich,Plum Spooky,fiction,2009
603,John Grisham,The Associate,fiction,2009
604,J. D. Robb,Promises in Death,fiction,2009
605,Jodi Picoult,Handle with Care,fiction,2009
606,Jonathan Kellerman,True Detectives,fiction,2009
607,Harlan Coben,Long Lost,fiction,2009
608,Jim Butcher,Turn Coat,fiction,2009
609,Mary Higgins Clark,Just Take My Heart,fiction,2009
610,David Baldacci,First Family,fiction,2009
611,James Patterson and Maxine Paetro,8th Confession,fiction,2009
612,Charlaine Harris,Dead and Gone,fiction,2009
613,John Sandford,Wicked Prey,fiction,2009
614,Lee Child,Gone Tomorrow,fiction,2009
615,Michael Connelly,The Scarecrow,fiction,2009
616,Laurell K. Hamilton,Skin Trade,fiction,2009
617,Dean Koontz,Relentless,fiction,2009
618,Catherine Coulter,Knockout,fiction,2009
619,Janet Evanovich,Finger Lickin' Fifteen,fiction,2009
620,James Patterson and Maxine Paetro,Swimsuit,fiction,2009
621,Nora Roberts,Black Hills,fiction,2009
622,Jennifer Weiner,Best Friends Forever,fiction,2009
623,Daniel Silva,The Defector,fiction,2009
624,Stieg Larsson,The Girl Who Played with Fire,fiction,2009
625,Sherrilyn Kenyon,Bad Moon Rising,fiction,2009
626,Pat Conroy,South of Broad,fiction,2009
627,James Patterson and Richard DiLallo,Alex Cross's Trial,fiction,2009
628,Christine Feehan,Dark Slayer,fiction,2009
629,Nicholas Sparks,The Last Song,fiction,2009
630,Dan Brown,The Lost Symbol,fiction,2009
631,Robert Jordan and Brandon Sanderson,The Gathering Storm,fiction,2009
632,John Grisham,Ford County,fiction,2009
633,Stephen King,Under the Dome,fiction,2009
634,James Patterson,"I, Alex Cross",fiction,2009
635,Sue Grafton,"""U"" Is for Undertow",fiction,2009
636,Kathryn Stockett,The Help,fiction,2010
637,James Patterson,Worst Case,fiction,2010
638,J. D. Robb,Fantasy in Death,fiction,2010
639,Jodi Picoult,House Rules,fiction,2010
640,Harlan Coben,Caught,fiction,2010
641,Patricia Briggs,Silver Borne,fiction,2010
642,Jim Butcher,Changes,fiction,2010
643,Mary Higgins Clark,The Shadow of Your Smile,fiction,2010
644,David Baldacci,Deliver us from Evil,fiction,2010
645,James Patterson and Maxine Paetro,The 9th Judgment,fiction,2010
646,Charlaine Harris,Dead in the Family,fiction,2010
647,Lee Child,61 Hours,fiction,2010
648,Stieg Larsson,The Girl Who Kicked the Hornets' Nest,fiction,2010
649,Glenn Beck,The Overton Window,fiction,2010
650,Janet Evanovich,Sizzling Sixteen,fiction,2010
651,James Patterson,Private,fiction,2010
652,Nora Roberts,The Search,fiction,2010
653,Daniel Silva,The Rembrandt Affair,fiction,2010
654,James Patterson and Liza Marklund,The Postcard Killers,fiction,2010
655,Jonathan Franzen,Freedom,fiction,2010
656,Nicholas Sparks,Safe Haven,fiction,2010
657,Ken Follett,Fall of Giants,fiction,2010
658,Michael Connelly,The Reversal,fiction,2010
659,Vince Flynn,American Assassin,fiction,2010
660,Lee Child,Worth Dying For,fiction,2010
661,John Grisham,The Confession,fiction,2010
662,Robert Jordan and Brandon Sanderson,Towers of Midnight,fiction,2010
663,David Baldacci,Hell's Corner,fiction,2010
664,James Patterson,Cross Fire,fiction,2010
665,Patricia Cornwell,Port Mortuary,fiction,2010
666,Tom Clancy and Grant Blackwood,Dead or Alive,fiction,2010
667,Dean Koontz,What the Night Knows,fiction,2011
668,Brad Meltzer,The Inner Circle,fiction,2011
669,Karen Marie Moning,Shadowfever,fiction,2011
670,James Patterson,Tick Tock,fiction,2011
671,Lisa Gardner,Alone,fiction,2011
672,J. D. Robb,Treachery in Death,fiction,2011
673,Patrick Rothfuss,The Wise Man's Fear,fiction,2011
674,Sara Gruen,Water for Elephants,fiction,2011
675,Harlan Coben,Live Wire,fiction,2011
676,Jean M. Auel,The Land of Painted Caves,fiction,2011
677,Michael Connelly,The Fifth Witness,fiction,2011
678,Charlaine Harris,Dead Reckoning,fiction,2011
679,Janet Evanovich,Smokin' Seventeen,fiction,2011
680,James Patterson and Michael Ledwidge,Now You See Her,fiction,2011
681,George R. R. Martin,A Dance with Dragons,fiction,2011
682,Lee Child,The Affair,fiction,2011
683,Nicholas Sparks,The Best of Me,fiction,2011
684,John Grisham,The Litigators,fiction,2011
685,David Baldacci,Zero Day,fiction,2011
686,Stephen King,11/22/63,fiction,2011
687,James Patterson,Kill Alex Cross,fiction,2011
688,Janet Evanovich,Explosive Eighteen,fiction,2011
689,Michael Connelly,The Drop,fiction,2011
690,Patricia Cornwell,Red Mist,fiction,2011
691,Dean Koontz,77 Shadow Street,fiction,2012
692,James Patterson and Maxine Paetro,Private: #1 Suspect,fiction,2012
693,Elizabeth George,Believing the Lie,fiction,2012
694,Robert Crais,Taken,fiction,2012
695,Kristin Hannah,Home Front,fiction,2012
696,Vince Flynn,Kill Shot,fiction,2012
697,James Patterson,Private Games,fiction,2012
698,J. D. Robb,Celebrity in Death,fiction,2012
699,E.L. James,Fifty Shades of Grey,fiction,2012
700,Lee Child,A Wanted Man,fiction,2012
701,Ken Follett,Winter of the World,fiction,2012
702,J.K. Rowling,The Casual Vacancy,fiction,2012
703,Sylvia Day,Reflected in You,fiction,2012
704,Patricia Cornwell,The Bone Bed,fiction,2012
705,John Grisham,The Racketeer,fiction,2012
706,Nora Roberts,The Perfect Hope,fiction,2012
707,Vince Flynn,The Last Man,fiction,2012
708,Janet Evanovich,Notorious Nineteen,fiction,2012
709,Michael Connelly,The Black Box,fiction,2012
710,Tom Clancy,Threat Vector,fiction,2012
711,Gillian Flynn,Gone Girl,fiction,2012
712,Robert Jordan and Brandon Sanderson,A Memory of Light,fiction,2013
713,James Patterson and Mark Sullivan,Private Berlin,fiction,2013
714,Danielle Steel,Until the End of Time,fiction,2013
715,Maeve Binchy,A Week in Winter,fiction,2013
716,James Patterson,"Alex Cross, Run",fiction,2013
717,J.D. Robb,Calculated in Death,fiction,2013
718,S.C. Stephens,Reckless,fiction,2013
719,Harlan Coben,Six Years,fiction,2013
720,J.R. Ward,Lover At Last,fiction,2013
721,Jamie McGuire,Walking Disaster,fiction,2013
722,Rachel Van Dyken,The Bet,fiction,2013
723,Nora Roberts,Whiskey Beach,fiction,2013
724,David Baldacci,The Hit,fiction,2013
725,James Patterson and Maxine Paetro,12th of Never,fiction,2013
726,Charlaine Harris,Dead Ever After,fiction,2013
727,Dan Brown,Inferno,fiction,2013
728,Sylvia Day,Entwined With You,fiction,2013
729,James Patterson and Howard Roughan,Second Honeymoon,fiction,2013
730,Brad Thor,Hidden Order,fiction,2013
731,Robert Galbraith (pseudonym for J.K. Rowling),The Cuckoo's Calling,fiction,2013
732,Maya Banks,Burn,fiction,2013
733,Louise Penny,How the Light Gets In,fiction,2013
734,Lee Child,Never Go Back,fiction,2013
735,Sue Grafton,W is for Wasted,fiction,2013
736,Nicholas Sparks,The Longest Ride,fiction,2013
737,Stephen King,Doctor Sleep,fiction,2013
738,John Sandford,Storm Front,fiction,2013
739,Elizabeth George,Just One Evil Act,fiction,2013
740,John Grisham,Sycamore Row,fiction,2013
741,Nora Roberts,Dark Witch,fiction,2013
742,Janet Evanovich,Takedown Twenty,fiction,2013
743,James Patterson,Cross My Heart,fiction,2013
744,Michael Connelly,The Gods of Guilt,fiction,2013
745,Sue Monk Kidd,The Invention of Wings,fiction,2014
746,Donna Tartt,The Goldfinch,fiction,2014
747,James Patterson and Mark Sullivan,Private L.A.,fiction,2014
748,Nora Roberts,Concealed in Death,fiction,2014
749,Robyn Carr,The Chance,fiction,2014
750,Brandon Sanderson,Words of Radiance,fiction,2014
751,Patricia Briggs,Night Broken,fiction,2014
752,Harlan Coben,Missing You,fiction,2014
753,Nora Roberts,Shadow Spell,fiction,2014
754,J. R. Ward,The King,fiction,2014
755,Stuart Woods,Carnal Curiosity,fiction,2014
756,Nora Roberts,The Collector,fiction,2014
757,David Baldacci,The Target,fiction,2014
758,James Patterson,Unlucky 13,fiction,2014
759,Emily Giffin,The One and Only,fiction,2014
760,Jim Butcher,Skin Game,fiction,2014
761,Stephen King,Mr. Mercedes,fiction,2014
762,Diana Gabaldon,Written in My Own Heart's Blood,fiction,2014
763,Janet Evanovich,Top Secret Twenty-One,fiction,2014
764,James Patterson,Invisible,fiction,2014
765,Brad Thor,Act of War,fiction,2014
766,Deborah Harkness,The Book of Life,fiction,2014
767,Liane Moriarty,Big Little Lies,fiction,2014
768,Diana Gabaldon,Outlander,fiction,2014
769,Louise Penny,The Long Way Home,fiction,2014
770,Lee Child,Personal,fiction,2014
771,J. D. Robb,Festive in Death,fiction,2014
772,Ken Follett,Edge of Eternity,fiction,2014
773,John Grisham,Gray Mountain,fiction,2014
774,Nora Roberts,Blood Magick,fiction,2014
775,Michael Connelly,The Burning Room,fiction,2014
776,Stephen King,Revival,fiction,2014
777,Sylvia Day,Captivated by You,fiction,2014
778,James Patterson,Hope to Die,fiction,2014
779,Anthony Doerr,All the Light We Cannot See,fiction,2014
780,Paula Hawkins,The Girl on the Train,fiction,2015
781,Nora Roberts,The Liar,fiction,2015
782,David Baldacci,Memory Man,fiction,2015
783,John Sandford,Gathering Prey,fiction,2015
784,James Patterson,14th Deadly Sin,fiction,2015
785,Nelson DeMille,Radiant Angel,fiction,2015
786,Stephen King,Finders Keepers,fiction,2015
787,E. L. James,Grey,fiction,2015
788,Harper Lee,Go Set a Watchman,fiction,2015
789,James Patterson and Michael Ledwidge,Alert,fiction,2015
790,Sandra Brown,Friction,fiction,2015
791,Sue Grafton,X,fiction,2015
792,David Lagercrantz,The Girl in the Spider's Web,fiction,2015
793,Lee Child,Make Me,fiction,2015
794,Andy Weir,The Martian,fiction,2015
795,Vince Flynn and Kyle Mills,The Survivor,fiction,2015
796,Nicholas Sparks,See Me,fiction,2015
797,John Grisham,Rogue Lawyer,fiction,2015
798,Michael Connelly,The Crossing,fiction,2015
799,Janet Evanovich,Tricky Twenty-Two,fiction,2015
800,James Patterson,Cross Justice,fiction,2015
801,Kristin Hannah,The Nightingale,fiction,2015
802,Stuart Woods,Scandalous Behavior,fiction,2016
803,Danielle Steel,Blue,fiction,2016
804,James Patterson and Marshall Karp,NYPD Red 4,fiction,2016
805,J. D. Robb,Brotherhood In Death,fiction,2016
806,Pierce Brown,Morning Star,fiction,2016
807,Jeffrey Archer,Cometh the hour,fiction,2016
808,Jojo Moyes,Me Before You,fiction,2016
809,Clive Cussler and Justin Scott,The Gangster,fiction,2016
810,Patricia Briggs,Fire Touched,fiction,2016
811,James Patterson and Mark Sullivan,Private Paris,fiction,2016
812,Harlan Coben,Fool me once,fiction,2016
813,Sylvia Day,One with you,fiction,2016
814,Nora Roberts,The Obsession,fiction,2016
815,David Baldacci,The Last Mile,fiction,2016
816,John Sandford,Extreme Prey,fiction,2016
817,James Patterson and Maxine Paetro,15th Affair,fiction,2016
818,Stephen King,End of Watch,fiction,2016
819,Nora Roberts,Bay of Sighs,fiction,2016
820,James Patterson and Mark Sullivan,The Games,fiction,2016
821,Daniel Silva,The Black Widow,fiction,2016
822,Liane Moriarty,Truly Madly Guilty,fiction,2016
823,James Patterson and Michael Ledwidge,Bullseye,fiction,2016
824,Catherine Coulter,Insidious,fiction,2016
825,Louise Penny,A Great Reckoning,fiction,2016
826,J.D. Robb,Apprentice in Death,fiction,2016
827,John Sandford,Escape Clause,fiction,2016
828,John Grisham,The Whistler,fiction,2016
829,Michael Connelly,The Wrong Side of Goodbye,fiction,2016
830,Lee Child,Night School,fiction,2016
831,Janet Evanovich,Turbo Twenty-three,fiction,2016
832,James Patterson,Cross the Line,fiction,2016
833,Nora Roberts,Island of Glass,fiction,2016
834,Danielle Steel,The Mistress,fiction,2017
835,W. Bruce Cameron,A Dog's Purpose,fiction,2017
836,James Patterson and Candice Fox,Never Never,fiction,2017
837,Lisa Gardner,Right Behind You,fiction,2017
838,J. D. Robb,Echoes in Death,fiction,2017
839,Jonathan Kellerman,Heartbreak Hotel,fiction,2017
840,William P. Young,The Shack,fiction,2017
841,Greg Iles,Mississippi Blood,fiction,2017
842,James Patterson and David Ellis,The Black Book,fiction,2017
843,David Baldacci,The Fix,fiction,2017
844,John Sandford,Golden Prey,fiction,2017
845,James Patterson and Maxine Paetro,16th Seduction,fiction,2017
846,Paula Hawkins,Into the Water,fiction,2017
847,Nora Roberts,Come Sundown,fiction,2017
848,John Grisham,Camino Island,fiction,2017
849,Daniel Silva,House of Spies,fiction,2017
850,Michael Connelly,The Late Show,fiction,2017
851,James Patterson and Maxine Paetro,The Medical Examiner,fiction,2017
852,Debbie Macomber,Any Dream Will Do,fiction,2017
853,Sandra Brown,Seeing Red,fiction,2017
854,Sue Grafton,"""Y"" Is for Yesterday",fiction,2017
855,Louise Penny,Glass Houses,fiction,2017
856,J. D. Robb,Secrets in Death,fiction,2017
857,Ken Follett,A Column of Fire,fiction,2017
858,Nelson DeMille,The Cuban Affair,fiction,2017
859,Stephen King and Owen King,Sleeping Beauties,fiction,2017
860,Dan Brown,Origin,fiction,2017
861,John Grisham,The Rooster Bar,fiction,2017
862,Michael Connelly,Two Kinds of Truth,fiction,2017
863,Lee Child,The Midnight Line,fiction,2017
864,Janet Evanovich,Hardcore Twenty-Four,fiction,2017
865,James Patterson,The People vs. Alex Cross,fiction,2017
866,E. L. James,Darker: Fifty Shades Darker as Told by Christian,fiction,2017
867,Nora Roberts,Year One,fiction,2017
868,A.J. Finn,The Woman in the Window,fiction,2018
869,Douglas Preston and Lincoln Child,City of Endless Night,fiction,2018
870,Christine Feehan,Judgment Road,fiction,2018
871,J.D. Robb,Dark in Death,fiction,2018
872,Kristin Hannah,The Great Alone,fiction,2018
873,Patricia Briggs,Burn Bright,fiction,2018
874,Clive Cussler and Graham Brown,The Rising Sea,fiction,2018
875,Danielle Steel,Accidental Heroes,fiction,2018
876,C. J. Box,The Disappeared,fiction,2018
877,Ernest Cline,Ready Player One,fiction,2018
878,J.R. Ward,The Thief,fiction,2018
879,David Baldacci,The Fallen,fiction,2018
880,John Sandford,Twisted Prey,fiction,2018
881,James Patterson and Maxine Paetro,The 17th Suspect,fiction,2018
882,Danielle Steel,The Cast,fiction,2018
883,Stephen King,The Outsider,fiction,2018
884,Nora Roberts,Shelter in Place,fiction,2018
885,James Patterson and Bill Clinton,The President Is Missing,fiction,2018
886,Daniel Silva,The Other Woman,fiction,2018
887,Sandra Brown,Tailspin,fiction,2018
888,Kevin Kwan,Crazy Rich Asians,fiction,2018
889,J.D. Robb,Leverage In Death,fiction,2018
890,James Patterson and Nancy Allen,Juror #3,fiction,2018
891,Robert Galbraith,Lethal White,fiction,2018
892,Kyle Mills,Vince Flynn: Red War,fiction,2018
893,Jodi Picoult,A Spark Of Light,fiction,2018
894,John Sanford,Holy Ghost,fiction,2018
895,Nicholas Sparks,Every Breath,fiction,2018
896,John Grisham,The Reckoning,fiction,2018
897,Michael Connelly,Dark Sacred Night,fiction,2018
898,Lee Child,Past Tense,fiction,2018
899,Janet Evanovich,Look Alive Twenty-Five,fiction,2018
900,George R. R. Martin,Fire and Blood,fiction,2018
901,Louise Penny,Kingdom of the Blind,fiction,2018
902,Nora Roberts,Of Blood and Bone,fiction,2018
903,David Baldacci,Long Road to Mercy,fiction,2019
904,Douglas Preston and Lincoln Child,Verses for the Dead,fiction,2019
905,Danielle Steel,Turning Point,fiction,2019
906,Delia Owens,Where the Crawdads Sing,fiction,2019
907,J. D. Robb,Connections in Death,fiction,2019
908,David Baldacci,Redemption,fiction,2019
909,John Sandford,Neon Prey,fiction,2019
910,James Patterson and Maxine Paetro,18th Abduction,fiction,2019
911,Elin Hilderbrand,Summer of '69,fiction,2019
912,Nora Roberts,Under Currents,fiction,2019
913,Daniel Silva,The New Girl,fiction,2019
914,David Baldacci,One Good Deed,fiction,2019
915,Louise Penny,A Better Man,fiction,2019
916,J. D. Robb,Vendetta in Death,fiction,2019
917,Stephen King,The Institute,fiction,2019
918,Ta-Nehisi Coates,The Water Dancer,fiction,2019
919,John Sandford,Bloody Genius,fiction,2019
920,James Patterson and Maxine Paetro,The 19th Christmas,fiction,2019
921,John Grisham,The Guardians,fiction,2019
922,Michael Connelly,The Night Fire,fiction,2019
923,Lee Child,Blue Moon,fiction,2019
924,Janet Evanovich,Twisted Twenty-Six,fiction,2019
925,David Baldacci,A Minute to Midnight,fiction,2019
926,Nora Roberts,The Rise of Magicks,fiction,2019
927,Delia Owens,Where The Crawdads Sing,fiction,2019
928,Jeanine Cummins,American Dirt,fiction,2020
929,J.D. Robb,Golden in Death,fiction,2020
930,Mark Greaney,One Minute Out,fiction,2020
931,James Patterson and James O. Born,Blindside,fiction,2020
932,Sarah J. Maas,House of Earth and Blood,fiction,2020
933,Hilary Mantel,The Mirror and the Light,fiction,2020
934,Harlan Coben,The Boy from the Woods,fiction,2020
935,Celeste Ng,Little Fires Everywhere,fiction,2020
936,John Sandford,Masked Prey,fiction,2020
937,David Baldacci,Walk The Wire,fiction,2020
938,John Grisham,Camino Winds,fiction,2020
939,James Patterson and Maxine Paetro,The 20th Victim,fiction,2020
940,Brit Bennett,The Vanishing Half,fiction,2020
941,James Patterson and Brendan DuBois,The Summer House,fiction,2020
942,Elin Hilderbrand,28 Summers,fiction,2020
943,Daniel Silva,The Order,fiction,2020
944,Brad Thor,Near Dark,fiction,2020
945,Catherine Coulter,Deadlock,fiction,2020
946,Danielle Steel,Royal,fiction,2020
947,Sandra Brown,Thick as Thieves,fiction,2020
948,Louise Penny,All the Devils Are Here,fiction,2020
949,J.D. Robb,Shadows in Death,fiction,2020
950,Ken Follett,The Evening and the Morning,fiction,2020
951,Jodi Picoult,The Book of Two Ways,fiction,2020
952,Nicholas Sparks,The Return,fiction,2020
953,Elin Hilderbrand,Troubles in Paradise,fiction,2020
954,John Grisham,A Time for Mercy,fiction,2020
955,Lee Child and Andrew Child,The Sentinel,fiction,2020
956,Janet Evanovich,Fortune and Glory,fiction,2020
957,Michael Connelly,The Law of Innocence,fiction,2020
958,Brandon Sanderson,Rhythm of War,fiction,2020
959,Ernest Cline,Ready Player Two,fiction,2020
960,Julia Quinn,The Duke and I,fiction,2021
961,James Patterson and James O. Born,The Russian,fiction,2021
962,Kristin Hannah,The Four Winds,fiction,2021
963,Sarah J. Maas,A Court of Silver Flames,fiction,2021
964,Sister Souljah,Life After Death,fiction,2021
965,Harlen Coben,Win,fiction,2021
966,Amanda Gorman,The Hill We Climb,fiction,2021
967,John Sandford,Ocean Prey,fiction,2021
968,David Baldacci,A Gambling Man,fiction,2021
969,John Grisham,Sooley,fiction,2021
970,James Patterson and Maxine Paetro,21st Birthday,fiction,2021
971,James Herriot,All Things Wise and Wonderful,nonfiction,1978
972,James F. Fixx,The Complete Book of Running,nonfiction,1978
973,H. R. Haldeman with Joseph DiMona,The Ends of Power,nonfiction,1978
974,Erma Bombeck,"If Life is a Bowl of Cherries, What Am I Doing in the Pits?",nonfiction,1978
975,Christina Crawford,Mommie Dearest,nonfiction,1978
976,Erma Bombeck,Motherhood: the Second Oldest Profession,nonfiction,1984
977,Thomas J. Peters and Robert H. Waterman Jr.,In Search of Excellence,nonfiction,1984
978,Edward I. Koch with William Rauch,Mayor,nonfiction,1984
979,Rosalynn Carter,“First Lady from Plains”,nonfiction,1984
980,Bob Woodward,Wired: The Short Life and Fast Times of John Belushi,nonfiction,1984
981,Peter Collier and David Horowitz,The Kennedys: an American Drama,nonfiction,1984
982,Leo Buscaglia,Loving Each Other,nonfiction,1984
983,Lee Iacocca with William Novak,Iacocca: An Autobiography,nonfiction,1984
984,Tom Peters and Nancy Austin,A Passion for Excellence,nonfiction,1985
985,Chuck Yeager and Leo Janos,Yeager: An Autobiography,nonfiction,1985
986,Priscilla Beaulieu Presley with Sandra Harmon,Elvis and Me,nonfiction,1985
987,Charles Kuralt,A Life on the Road,nonfiction,1991
988,Robert Bly,Iron John,nonfiction,1991
989,Daniel Yergin,The Prize,nonfiction,1991
990,Vincent Bugliosi with Bruce B. Henderson,And the Sea Will Tell,nonfiction,1991
991,Julia Phillips,You'll Never Eat Lunch in This Town Again,nonfiction,1991
992,Kitty Kelley,Nancy Reagan,nonfiction,1991
993,Bob Woodward,The Commanders,nonfiction,1991
994,Alan M. Dershowitz,Chutzpah,nonfiction,1991
995,P. J. O'Rourke,Parliament of Whores,nonfiction,1991
996,Erma Bombeck,"When You Look Like Your Passport Photo, It's Time to Go Home",nonfiction,1991
997,Robert Fulghum,Uh-Oh,nonfiction,1991
998,Katharine Hepburn,Me: Stories of My Life,nonfiction,1991
999,James B. Stewart,Den of Thieves,nonfiction,1991
1000,Oliver L. North with William Novak,Under Fire,nonfiction,1991
1001,Rush H. Limbaugh,The Way Things Ought to Be,nonfiction,1993
1002,Bill Moyers,Healing and the Mind,nonfiction,1993
1003,Clarissa Pinkola Estes,Women Who Run with the Wolves,nonfiction,1993
1004,Arthur Ashe and Arnold Rampersad,Days of Grace,nonfiction,1993
1005,Betty J. Eadie with Curtis Taylor,Embraced by the Light,nonfiction,1993
1006,Jerry Seinfeld,Seinlanguage,nonfiction,1993
1007,Howard Stern,Private Parts,nonfiction,1993
1008,Rush H. Limbaugh,"See, I Told You So",nonfiction,1993
1009,William J. Bennett,The Book of Virtues,nonfiction,1994
1010,Bob Woodward,The Agenda,nonfiction,1994
1011,Paul Reiser,Couplehood,nonfiction,1994
1012,Barbara Bush,Barbara Bush: A Memoir,nonfiction,1994
1013,Tim Allen,Don't Stand Too Close to a Naked Man,nonfiction,1994
1014,Faye Resnick with Mike Walker,Nicole Brown Simpson,nonfiction,1994
1015,John Paul II,Crossing the Threshold of Hope,nonfiction,1994
1016,Richard Preston,The Hot Zone,nonfiction,1995
1017,O.J. Simpson,I Want to Tell You,nonfiction,1995
1018,Greg Louganis with Eric Marcus,Breaking the Surface,nonfiction,1995
1019,Robert S. McNamara with Brian VanDeMark,In Retrospect,nonfiction,1995
1020,John Feinstein,A Good Walk Spoiled,nonfiction,1995
1021,Gail Sheehy,New Passages,nonfiction,1995
1022,Newt Gingrich,To Renew America,nonfiction,1995
1023,Ellen DeGeneres,My Point... and I Do Have One,nonfiction,1995
1024,Colin L. Powell with Joseph E. Persico,My American Journey,nonfiction,1995
1025,Howard Stern,Miss America,nonfiction,1995
1026,Bill Gates with Nathan Myhrvold and Peter Rinearson,The Road Ahead,nonfiction,1995
1027,Hillary Rodham Clinton,It Takes a Village,nonfiction,1996
1028,Al Franken,Rush Limbaugh Is a Big Fat Idiot,nonfiction,1996
1029,James B. Stewart,Blood Sport,nonfiction,1996
1030,Christopher A. Darden with Jess Walter,In Contempt,nonfiction,1996
1031,Dennis Rodman with Tim Keown,Bad as I Wanna Be,nonfiction,1996
1032,Vincent Bugliosi,Outrage,nonfiction,1996
1033,Scott Adams,The Dilbert Principle,nonfiction,1996
1034,Gary Aldrich,Unlimited Access,nonfiction,1996
1035,Lawrence Schiller and James Willwerth,American Tragedy,nonfiction,1996
1036,James Hillman,The Soul's Code,nonfiction,1996
1037,Ekaterina Gordeeva with E. M. Swift,My Sergei,nonfiction,1996
1038,Frank McCourt,Angela's Ashes,nonfiction,1996
1039,Walter Cronkite,A Reporter's Life,nonfiction,1996
1040,Katharine Graham,Personal History,nonfiction,1997
1041,Mark Fuhrman,Murder in Brentwood,nonfiction,1997
1042,Peter Maas,Underboss,nonfiction,1997
1043,Carol Saline and Sharon J. Wohlmuth,Mothers & Daughters,nonfiction,1997
1044,Marcia Clark with Teresa Carpenter,Without a Doubt,nonfiction,1997
1045,Jon Krakauer,Into Thin Air,nonfiction,1997
1046,Billy Graham,Just as I Am,nonfiction,1997
1047,Kitty Kelley,The Royals,nonfiction,1997
1048,Andrew Morton,Diana: Her True Story - In Her Own Words,nonfiction,1997
1049,John Berendt,Midnight in the Garden of Good and Evil,nonfiction,1997
1050,James Van Praagh,Talking to Heaven,nonfiction,1998
1051,Mitch Albom,Tuesdays with Morrie,nonfiction,1998
1052,Thomas J. Stanley and William D. Danko,The Millionaire Next Door,nonfiction,1998
1053,Cokie Roberts,We Are Our Mothers' Daughters,nonfiction,1998
1054,Jimmy Buffett,A Pirate Looks at Fifty,nonfiction,1998
1055,Christopher Andersen,The Day Diana Died,nonfiction,1998
1056,William J. Bennett,The Death of Outrage,nonfiction,1998
1057,Peter Jennings and Todd Brewster,The Century,nonfiction,1998
1058,Tom Brokaw,The Greatest Generation,nonfiction,1998
1059,Andrew Morton,Monica's Story,nonfiction,1999
1060,George Stephanopoulos,All Too Human,nonfiction,1999
1061,Tom Clancy with Chuck Horner,Every Man a Tiger,nonfiction,1999
1062,Bob Woodward,Shadow,nonfiction,1999
1063,Frank McCourt,'Tis,nonfiction,1999
1064,Mick Foley,Have a Nice Day!,nonfiction,1999
1065,The Rock with Joe Layden,The Rock Says,nonfiction,2000
1066,James Bradley with Ron Powers,Flags of Our Fathers,nonfiction,2000
1067,Christopher Andersen,The Day John Died,nonfiction,2000
1068,Sylvia Browne with Lindsay Harrison,Life on the Other Side,nonfiction,2000
1069,Lance Armstrong with Sally Jenkins,It's Not about the Bike,nonfiction,2000
1070,Stephen Ambrose,Nothing Like It in the World,nonfiction,2000
1071,The Beatles,The Beatles Anthology,nonfiction,2000
1072,Bill O'Reilly,The O'Reilly Factor,nonfiction,2000
1073,Jimmy Carter,An Hour Before Daylight,nonfiction,2001
1074,Jerri Nielsen with Maryanne Vollers,Ice Bound,nonfiction,2001
1075,Dave Longaberger,Longaberger,nonfiction,2001
1076,Laura Hillenbrand,Seabiscuit,nonfiction,2001
1077,George Carlin,Napalm & Silly Putty,nonfiction,2001
1078,Mick Foley,Foley Is Good,nonfiction,2001
1079,David McCullough,John Adams,nonfiction,2001
1080,Stephen Ambrose,The Wild Blue,nonfiction,2001
1081,Jack Welch with John A. Byrne,Jack: Straight from the Gut,nonfiction,2001
1082,"Judith Miller, Stephen Engelberg and William Broad",Germs,nonfiction,2001
1083,Bill O'Reilly,The No Spin Zone,nonfiction,2001
1084,Editors of Life Magazine,One Nation,nonfiction,2001
1085,Bernard Goldberg,Bias,nonfiction,2002
1086,Tom Clancy,Shadow Warriors,nonfiction,2002
1087,Michael Moore,Stupid White Men,nonfiction,2002
1088,Michael J. Fox,Lucky Man,nonfiction,2002
1089,Robert A. Caro,Master of the Senate,nonfiction,2002
1090,Richard Blow,American Son,nonfiction,2002
1091,Mel Levine,A Mind at a Time,nonfiction,2002
1092,Marlo Thomas,The Right Words at the Right Time,nonfiction,2002
1093,John McEnroe with James Kaplan,You Cannot Be Serious,nonfiction,2002
1094,Ann Coulter,Slander,nonfiction,2002
1095,Lisa Beamer with Ken Abraham,Let's Roll!,nonfiction,2002
1096,Rudy Giuliani with Ken Kurson,Leadership,nonfiction,2002
1097,Kurt Cobain,Journals,nonfiction,2002
1098,Patricia Cornwell,Portrait of a Killer,nonfiction,2002
1099,Bob Woodward,Bush at War,nonfiction,2002
1100,Michael Savage,The Savage Nation,nonfiction,2003
1101,Po Bronson,What Should I Do with My Life?,nonfiction,2003
1102,Erik Larson,Devil in the White City,nonfiction,2003
1103,Robert Dallek,An Unfinished Life,nonfiction,2003
1104,Hillary Rodham Clinton,Living History,nonfiction,2003
1105,A. Scott Berg,Kate Remembered,nonfiction,2003
1106,Al Franken,Lies and the Lying Liars Who Tell Them,nonfiction,2003
1107,Bill O'Reilly,Who's Looking Out For You?,nonfiction,2003
1108,Michael Moore,"Dude, Where's My Country?",nonfiction,2003
1109,Paul Burrell,A Royal Duty,nonfiction,2003
1110,Rick Bragg,I Am a Soldier Too,nonfiction,2003
1111,Pete Rose with Rick Hill,My Prison Without Bars,nonfiction,2004
1112,Ron Suskind,The Price of Loyalty,nonfiction,2004
1113,Sean Hannity,Deliver Us from Evil,nonfiction,2004
1114,Richard Clarke,Against All Enemies,nonfiction,2004
1115,Bob Woodward,Plan of Attack,nonfiction,2004
1116,Lynne Truss,"Eats, Shoots & Leaves",nonfiction,2004
1117,David Sedaris,Dress Your Family in Corduroy and Denim,nonfiction,2004
1118,Tim Russert,Big Russ and Me,nonfiction,2004
1119,Bill Clinton,My Life,nonfiction,2004
1120,Tommy Franks with Malcolm McConnell,American Soldier,nonfiction,2004
1121,John O'Neill with Jerome Corsi,Unfit for Command,nonfiction,2004
1122,Kitty Kelley,The Family,nonfiction,2004
1123,Jon Stewart and The Daily Show writers,America: The Book,nonfiction,2004
1124,Amber Frey,Witness,nonfiction,2005
1125,Malcolm Gladwell,Blink,nonfiction,2005
1126,Jose Conseco,Juiced,nonfiction,2005
1127,Anne Bird,Blood Brother,nonfiction,2005
1128,Catherine Crier with Cole Thompson,A Deadly Game,nonfiction,2005
1129,Jane Fonda,My Life So Far,nonfiction,2005
1130,Thomas Friedman,The World Is Flat,nonfiction,2005
1131,Harry Frankfurt,On Bullshit,nonfiction,2005
1132,David McCullough,1776,nonfiction,2005
1133,Neal Boortz and John Linder,The FairTax Book,nonfiction,2005
1134,John Berendt,The City of Falling Angels,nonfiction,2005
1135,Al Franken,The Truth (with jokes),nonfiction,2005
1136,Jimmy Carter,Our Endangered Values,nonfiction,2005
1137,Frank McCourt,Teacher Man,nonfiction,2005
1138,Doris Kearns Goodwin,Team of Rivals,nonfiction,2006
1139,James Frey,My Friend Leonard,nonfiction,2006
1140,Sharon Rocha,For Laci,nonfiction,2006
1141,John Grogan,Marley & Me,nonfiction,2006
1142,Tyler Perry,Don't Make a Black Woman Take off Her Earrings,nonfiction,2006
1143,Anderson Cooper,Dispatches from the Edge,nonfiction,2006
1144,Ann Coulter,Godless: The Church of Liberalism,nonfiction,2006
1145,Tim Russert,Wisdom of Our Fathers,nonfiction,2006
1146,Thomas E. Ricks,Fiasco,nonfiction,2006
1147,Nora Ephron,I Feel Bad About My Neck,nonfiction,2006
1148,Bill O'Reilly,Culture Warrior,nonfiction,2006
1149,Bob Woodward,State of Denial,nonfiction,2006
1150,John Grisham,The Innocent Man,nonfiction,2006
1151,Barack Obama,The Audacity of Hope,nonfiction,2006
1152,Lee and Bob Woodruff,In an Instant,nonfiction,2007
1153,Ishmael Beah,A Long Way Gone,nonfiction,2007
1154,Walter Isaacson,Einstein,nonfiction,2007
1155,George Tenet,At the Center of the Storm,nonfiction,2007
1156,Christopher Hitchens,God Is Not Great,nonfiction,2007
1157,Al Gore,The Assault on Reason,nonfiction,2007
1158,Ronald Reagan,The Reagan Diaries,nonfiction,2007
1159,Tina Brown,The Diana Chronicles,nonfiction,2007
1160,Marcus Luttrell with Patrick Robinson,Lone Survivor,nonfiction,2007
1161,Tony Dungy with Nathan Whitaker,Quiet Strength,nonfiction,2007
1162,Denise Jackson with Ellen Vaughn,It's All About Him,nonfiction,2007
1163,Duane Chapman with Laura Morton,You Can Run But You Can't Hide,nonfiction,2007
1164,Pattie Boyd with Penny Junor,Wonderful Tonight,nonfiction,2007
1165,Bill Clinton,Giving: How Each of Us Can Change the World,nonfiction,2007
1166,Laura Ingraham,Power to the People,nonfiction,2007
1167,Alan Greenspan,The Age of Turbulence,nonfiction,2007
1168,Clarence Thomas,My Grandfather's Son,nonfiction,2007
1169,Stephen Colbert,I Am America (And So Can You!),nonfiction,2007
1170,Glenn Beck and Kevin Balfe,An Inconvenient Book,nonfiction,2007
1171,Michael Pollan,In Defense of Food,nonfiction,2008
1172,Andrew Morton,Tom Cruise: An Unauthorized Biography,nonfiction,2008
1173,Jonah Goldberg,Liberal Fascism,nonfiction,2008
1174,Valerie Bertinelli,Losing It,nonfiction,2008
1175,David Sheff,Beautiful Boy,nonfiction,2008
1176,"Don and Susie Van Ryn and Newell, Colleen and Whitney Cerak, with Mark Tabb",Mistaken Identity,nonfiction,2008
1177,Julie Andrews,Home,nonfiction,2008
1178,Chelsea Handler,"Are You There, Vodka? It's Me, Chelsea",nonfiction,2008
1179,Ron Paul,The Revolution: A Manifesto,nonfiction,2008
1180,Barbara Walters,Audition: A Memoir,nonfiction,2008
1181,Scott McClellan,What Happened,nonfiction,2008
1182,David Sedaris,When You Are Engulfed in Flames,nonfiction,2008
1183,Jerome R. Corsi,The Obama Nation: Leftist Politics and the Cult of Personality,nonfiction,2008
1184,Tori Spelling with Hilary Liftin,sTORI Telling,nonfiction,2008
1185,Thomas L. Friedman,"Hot, Flat, and Crowded",nonfiction,2008
1186,"James Patterson, Hal Friedman",Against Medical Advice: A True Story,nonfiction,2008
1187,Artie Lange with Anthony Bozza,Too Fat to Fish,nonfiction,2008
1188,Charles Krauthammer,Things That Matter,nonfiction,2008
1189,Malcolm Gladwell,Outliers,nonfiction,2008
1190,Joe Torre and Tom Verducci,The Yankee Years,nonfiction,2009
1191,Mark R. Levin,Liberty and Tyranny,nonfiction,2009
1192,Elizabeth Edwards,Resilience,nonfiction,2009
1193,Dick Morris and Eileen McGann,Catastrophe,nonfiction,2009
1194,Ian Halperin,Unmasked,nonfiction,2009
1195,Michelle Malkin,Culture of Corruption,nonfiction,2009
1196,Kathy Griffin,Official Book Club Selection,nonfiction,2009
1197,Edward M. Kennedy,True Compass,nonfiction,2009
1198,"Glenn Beck, Kevin Balfe, and others",Arguing with Idiots,nonfiction,2009
1199,Mitch Albom,Have a Little Faith,nonfiction,2009
1200,Bill Simmons,The Book of Basketball,nonfiction,2009
1201,Andre Agassi,Open,nonfiction,2009
1202,Sarah Palin,Going Rogue,nonfiction,2009
1203,Elizabeth Gilbert,Committed,nonfiction,2010
1204,John Heilemann and Mark Halperin,Game Change,nonfiction,2010
1205,Mitt Romney,No Apology,nonfiction,2010
1206,Chelsea Handler,Chelsea Chelsea Bang Bang,nonfiction,2010
1207,Michael Lewis,The Big Short,nonfiction,2010
1208,Kitty Kelley,Oprah: A Biography,nonfiction,2010
1209,Laura Bush,Spoken from the Heart,nonfiction,2010
1210,Justin Halpern,Shit My Dad Says,nonfiction,2010
1211,Laura Ingraham,The Obama Diaries,nonfiction,2010
1212,David Limbaugh,Crimes Against Liberty,nonfiction,2010
1213,Stephen Hawking and Leonard Mlodinow,The Grand Design,nonfiction,2010
1214,Jon Stewart and others,Earth (The Book),nonfiction,2010
1215,Bob Woodward,Obama's Wars,nonfiction,2010
1216,Keith Richards with James Fox,Life,nonfiction,2010
1217,George W. Bush,Decision Points,nonfiction,2010
1218,Laura Hillenbrand,Unbroken,nonfiction,2011
1219,Donald Rumsfeld,Known and Unknown,nonfiction,2011
1220,David Brooks,The Social Animal,nonfiction,2011
1221,Sammy Hagar with Joel Selvin,Red,nonfiction,2011
1222,Howard Schultz with Joanne Gordon,Onward,nonfiction,2011
1223,Tina Fey,Bossypants,nonfiction,2011
1224,Chelsea Handler,Lies That Chelsea Handler Told Me,nonfiction,2011
1225,Erik Larson,In the Garden of Beasts,nonfiction,2011
1226,James Andrew Miller and Tom Shales,Those Guys Have All the Fun,nonfiction,2011
1227,David McCullough,The Greater Journey,nonfiction,2011
1228,Jaycee Dugard,A Stolen Life,nonfiction,2011
1229,Dick Cheney,In My Time,nonfiction,2011
1230,Jacqueline Kennedy Onassis,Jacqueline Kennedy,nonfiction,2011
1231,Bill O'Reilly and Martin Dugard,Killing Lincoln,nonfiction,2011
1232,Walter Isaacson,Steve Jobs,nonfiction,2011
1233,Chris Kyle with Scott McEwen and Jim DeFelice,American Sniper,nonfiction,2012
1234,Mark Levin,Ameritopia,nonfiction,2012
1235,Jonah Lehrer,Imagine,nonfiction,2012
1236,Rachel Maddow,Drift,nonfiction,2012
1237,Robert Caro,The Passage of Power,nonfiction,2012
1238,Edward Klein,Amateur,nonfiction,2012
1239,Cheryl Strayed,Wild,nonfiction,2012
1240,Joe Posnanski,Paterno,nonfiction,2012
1241,Dinesh D'Souza,Obama's America,nonfiction,2012
1242,Mark Owen with Kevin Maurer,No Easy Day,nonfiction,2012
1243,Bill O'Reilly and Martin Dugard,Killing Kennedy,nonfiction,2012
1244,Jon Meacham,Thomas Jefferson,nonfiction,2012
1245,Sonia Sotomayor,My Beloved World,nonfiction,2013
1246,Michael Moss,Salt Sugar Fat,nonfiction,2013
1247,Pat Summitt with Sally Jenkins,Sum It Up,nonfiction,2013
1248,Sheryl Sandberg with Nell Scovell,Lean In,nonfiction,2013
1249,David Sedaris,Let's Explore Diabetes With Owls,nonfiction,2013
1250,Phil Robertson with Mark Schlabach,"Happy, Happy, Happy",nonfiction,2013
1251,Rick Atkinson,The Guns at Last Light,nonfiction,2013
1252,Phil Jackson and Hugh Delehanty,Eleven Rings,nonfiction,2013
1253,Reza Aslan,Zealot,nonfiction,2013
1254,Mark R. Levin,The Liberty Amendments,nonfiction,2013
1255,Si Robertson with Mark Schlabach,Si-cology 1,nonfiction,2013
1256,Bill O'Reilly and Martin Dugard,Killing Jesus,nonfiction,2013
1257,Brandon Stanton,Humans of New York,nonfiction,2013
1258,Robert M. Gates,Duty,nonfiction,2014
1259,Malcolm Gladwell,David and Goliath,nonfiction,2014
1260,Michio Kaku,The Future of the Mind,nonfiction,2014
1261,Chelsea Handler,Uganda Be Kidding Me,nonfiction,2014
1262,Dan Harris,10% Happier,nonfiction,2014
1263,Arianna Huffington,Thrive,nonfiction,2014
1264,Michael Lewis,Flash Boys,nonfiction,2014
1265,Thomas Piketty,Capital in the Twenty-First Century,nonfiction,2014
1266,Hillary Rodham Clinton,Hard Choices,nonfiction,2014
1267,Edward Klein,Blood Feud,nonfiction,2014
1268,Dinesh D'Souza,America,nonfiction,2014
1269,Randall Munroe,What If,nonfiction,2014
1270,Mitchell Zuckoff,13 Hours,nonfiction,2014
1271,Bill O'Reilly and Martin Dugard,Killing Patton,nonfiction,2014
1272,Amy Poehler,Yes Please,nonfiction,2014
1273,George W. Bush,41,nonfiction,2014
1274,Erik Larson,Dead Wake,nonfiction,2015
1275,Brent Schlender and Rick Tetzeli,Becoming Steve Jobs,nonfiction,2015
1276,Kate Andersen Brower,The Residence,nonfiction,2015
1277,David Brooks,The Road to Character,nonfiction,2015
1278,Dana Perino,And the Good News Is...,nonfiction,2015
1279,Amanda Berry and Gina DeJesus,Hope,nonfiction,2015
1280,David McCullough,The Wright Brothers,nonfiction,2015
1281,Holly Madison,Down the Rabbit Hole,nonfiction,2015
1282,Ta-Nehisi Coates,Between the World and Me,nonfiction,2015
1283,Mark Levin,Plunder and Deceit,nonfiction,2015
1284,Glenn Beck,It Is About Islam,nonfiction,2015
1285,Bill Bryson,A Walk in the Woods,nonfiction,2015
1286,Mindy Kaling,Why Not Me?,nonfiction,2015
1287,Bill O'Reilly and Martin Dugard,Killing Reagan,nonfiction,2015
1288,Brandon Stanton,Humans of New York: Stories,nonfiction,2015
1289,Leah Remini and Rebecca Paley,Troublemaker,nonfiction,2015
1290,Alan Cumming,Not My Father's Son: A Memoir,nonfiction,2016
1291,Paul Kalanithi,When Breath Becomes Air,nonfiction,2016
1292,Anderson Cooper and Gloria Vanderbilt,The Rainbow Comes and Goes,nonfiction,2016
1293,Lin-Manuel Miranda and Jeremy McCarter,Hamilton: The Revolution,nonfiction,2016
1294,Siddhartha Mukherjee,The Gene: An Intimate History,nonfiction,2016
1295,David Fisher,Bill O'Relly's Legends and Lies: The Patriots,nonfiction,2016
1296,Ron Chernow,Alexander Hamilton,nonfiction,2016
1297,Gary J. Byrne with Grant M. Schmidt,Crisis of Character,nonfiction,2016
1298,Shane Dawson,It Gets Worse: A Collection of Essays,nonfiction,2016
1299,Dinesh D'Souza,Hillary's America,nonfiction,2016
1300,J. D. Vance,Hillbilly Elegy,nonfiction,2016
1301,Amy Schumer,The Girl with the Lower Back Tattoo,nonfiction,2016
1302,Glennon Doyle Melton,Love Warrior,nonfiction,2016
1303,Bill O'Reilly and Martin Dugard,Killing the Rising Sun,nonfiction,2016
1304,Bruce Springsteen,Born to Run,nonfiction,2016
1305,Chip Gaines and Joanna Gaines with Mark Dagostino,The Magnolia Story,nonfiction,2016
1306,Megyn Kelly,Settle for More,nonfiction,2016
1307,Carrie Fisher,The Princess Diarist,nonfiction,2017
1308,Margot Lee Shetterly,Hidden Figures,nonfiction,2017
1309,George W. Bush,Portraits of Courage,nonfiction,2017
1310,Diane Ackerman,The Zookeeper's Wife,nonfiction,2017
1311,Bill O'Reilly and Bruce Feirstein,Old School: Life in the Sane Lane,nonfiction,2017
1312,Jonathan Allen and Amie Parnes,Shattered,nonfiction,2017
1313,Sheryl Sandberg and Adam Grant,Option B,nonfiction,2017
1314,Neil deGrasse Tyson,Astrophysics for People in a Hurry,nonfiction,2017
1315,Al Franken,"Al Franken, Giant of the Senate",nonfiction,2017
1316,Kevin Hart and Neil Strauss,I Can't Make This Up,nonfiction,2017
1317,Newt Gingrich,Understanding Trump,nonfiction,2017
1318,Mark Levin,Rediscovering Americanism,nonfiction,2017
1319,Joshua Green,Devil's Bargain,nonfiction,2017
1320,Jeannette Walls,The Glass Castle,nonfiction,2017
1321,Bill O'Reilly and Martin Dugard,Killing England,nonfiction,2017
1322,Ron Chernow,Grant,nonfiction,2017
1323,Walter Isaacson,Leonardo Da Vinci,nonfiction,2017
1324,Jenna Bush Hager and Barbara Pierce Bush,Sisters First,nonfiction,2017
1325,Pete Souza,Obama: An Intimate Portrait,nonfiction,2017
1326,Joe Biden,"Promise Me, Dad",nonfiction,2017
1327,Michael Wolff,Fire and Fury,nonfiction,2018
1328,Tara Westover,Educated,nonfiction,2018
1329,Michelle McNamara,I'll Be Gone in the Dark,nonfiction,2018
1330,Michael Isikoff and David Corn,Russian Roulette,nonfiction,2018
1331,Peter Schweizer,Secret Empires,nonfiction,2018
1332,Chrissy Metz,This Is Me,nonfiction,2018
1333,David Grann,Killers of the Flower Moon,nonfiction,2018
1334,Madeleine Albright and Bill Woodward,Fascism: A Warning,nonfiction,2018
1335,James Comey,A Higher Loyalty,nonfiction,2018
1336,Jon Meacham,The Soul of America,nonfiction,2018
1337,Michael Pollan,How to Change Your Mind,nonfiction,2018
1338,John McCain and Mark Salter,The Restless Wave,nonfiction,2018
1339,David Sedaris,Calypso,nonfiction,2018
1340,Anthony Bourdain,Kitchen Confidential,nonfiction,2018
1341,Jeanine Pirro,"Liars, Leakers and Liberals",nonfiction,2018
1342,Gregg Jarrett,The Russia Hoax,nonfiction,2018
1343,Rick Wilson,Everything Trump Touches Dies,nonfiction,2018
1344,Omarosa Manigault Newman,Unhinged,nonfiction,2018
1345,Yuval Noah Harari,Sapiens,nonfiction,2018
1346,Bob Woodward,Fear: Trump in the White House,nonfiction,2018
1347,Bill O'Reilly and Martin Dugard,Killing the SS,nonfiction,2018
1348,Michael Diamond and Adam Horovitz,Beastie Boys Book,nonfiction,2018
1349,Michelle Obama,Becoming,nonfiction,2018
1350,Andrew McCabe,The Threat,nonfiction,2019
1351,Ben Shapiro,The Right Side of History,nonfiction,2019
1352,Chelsea Handler,Life Will Be the Death of Me,nonfiction,2019
1353,The Washington Post,The Mueller Report,nonfiction,2019
1354,David McCullough,The Pioneers,nonfiction,2019
1355,Howard Stern,Howard Stern Comes Again,nonfiction,2019
1356,Mark Levin,Unfreedom of the Press,nonfiction,2019
1357,Lisa Taddeo,Three Women,nonfiction,2019
1358,Jim Mattis and Bing West,Call Sign Chaos,nonfiction,2019
1359,Malcolm Gladwell,Talking to Strangers,nonfiction,2019
1360,Demi Moore,Inside Out,nonfiction,2019
1361,Rachel Maddow,Blowout,nonfiction,2019
1362,Elton John,Me,nonfiction,2019
1363,Prince,The Beautiful Ones,nonfiction,2019
1364,Donald Trump Jr.,Triggered,nonfiction,2019
1365,Anonymous,A Warning,nonfiction,2019
1366,Glenn Simpson and Peter Fritsch,Crime in Progress,nonfiction,2019
1367,Bryan Stevenson,Just Mercy,nonfiction,2020
1368,Philip Rucker and Carol Leonnig,A Very Stable Genius,nonfiction,2020
1369,Peter Schweizer,Profiles in Corruption,nonfiction,2020
1370,Jessica Simpson with Kevin Carr O'Leary,Open Book,nonfiction,2020
1371,Kobe Bryant,The Mamba Mentality,nonfiction,2020
1372,Erik Larson,The Splendid and the Vile,nonfiction,2020
1373,Glennon Doyle,Untamed,nonfiction,2020
1374,Robert Kolker,Hidden Valley Road,nonfiction,2020
1375,Robin DiAngelo,White Fragility,nonfiction,2020
1376,Ibram X. Kendi,How to Be an Antiracist,nonfiction,2020
1377,John Bolton,The Room Where It Happened,nonfiction,2020
1378,Mary L. Trump,Too Much and Never Enough,nonfiction,2020
1379,Sean Hannity,Live Free or Die,nonfiction,2020
1380,Jon Meacham,His Truth Is Marching On,nonfiction,2020
1381,Stephanie Winston Wolkoff,Melania and Me,nonfiction,2020
1382,Michael Cohen,Disloyal,nonfiction,2020
1383,Bob Woodward,Rage,nonfiction,2020
1384,Mariah Carey with Michaela Angela Davis,The Meaning of Mariah Carey,nonfiction,2020
1385,Brandon Stanton,Humans,nonfiction,2020
1386,Isabel Wilkerson,Caste,nonfiction,2020
1387,Matthew McConaughey,Greenlights,nonfiction,2020
1388,Sam Heughan and Graham McTavish,Clanlands,nonfiction,2020
1389,Barack Obama,A Promised Land,nonfiction,2020
1390,Adam Grant,Think Again,nonfiction,2021
1391,James Patterson and Matt Eversmann with Chris Mooney,Walk in My Combat Boots,nonfiction,2021
1392,Bill Gates,How to Avoid a Climate Disaster,nonfiction,2021
1393,Walter Isaacson,The Code Breaker,nonfiction,2021
1394,Don Lemon,This Is the Fire,nonfiction,2021
1395,Brandi Carlile,Broken Horses,nonfiction,2021
1396,John Boehner,On the House,nonfiction,2021
1397,George W. Bush,"Out of Many, One",nonfiction,2021
1398,Bruce D. Perry and Oprah Winfrey,What Happened to You?,nonfiction,2021
1399,Bill O'Reilly and Martin Dugard,Killing the Mob,nonfiction,2021
